id,title
1,2018年瑞安市国有资产投资集团有限公司城市停车场建设专项债券（第一期）申购文件
2,2018年江苏省美尚生态景观股份有限公司PPP项目专项债券（第一期）申购文件
3,2018年第一期湖南天易融通创业投资有限公司公司债券发行文件
4,2018年第一期安宁发展投资集团有限公司城市地下综合管廊建设专项债券申购文件
5,2018年第八期华晨汽车集团控股有限公司公司债券发行文件
6,2018年第一期海宁市尖山新区开发有限公司公司债券申购文件
7,2018年海门南黄海建设发展有限公司公司债券申购文件
8,2018年瑞安市国有资产投资集团有限公司城市停车场建设专项债券（第一期）发行文件
9,2018年第一期桃源县经济开发区开发投资有限公司公司债券申购文件
10,2018年当涂县城乡建设投资有限责任公司公司债券申购文件
11,2018年江苏省美尚生态景观股份有限公司PPP项目专项债券（第一期）发行文件
12,2018年第九期安宁发展投资集团有限公司城市地下综合管廊建设专项债券发行文件
13,2018年第一期海宁市尖山新区开发有限公司公司债券发行文件
14,2018年海门南黄海建设发展有限公司公司债券发行文件
15,2018年第六期淮南市城市建设投资有限责任公司公司债券延期发行的公告
16,2018年第一期桃源县经济开发区开发投资有限公司公司债券发行文件
17,2018年当涂县城乡建设投资有限责任公司公司债券发行文件
18,2018年第一期孟州市投资开发有限公司公司债券申购文件
19,2018年第十二期彭泽县城市建设投资有限公司公司债券申购文件
20,关于2018年第一期孟州市投资开发有限公司公司债券担保人更名情况的说明
21,2018年第二期淮南市城市建设投资有限责任公司公司债券发行文件
22,2018年青岛华通国有资本运营（集团）有限责任公司城市停车场建设专项债券（第一期）择期重新簿记建档的公告
23,2018年青岛华通国有资本运营（集团）有限责任公司城市停车场建设专项债券（第一期）簿记建档发行时间延长公告
24,关于2018年第一期景德镇陶瓷文化旅游发展有限责任公司城市停车场建设专项债券申购时间延迟的公告
25,2018年青岛华通国有资本运营（集团）有限责任公司城市停车场建设专项债券（第一期）申购文件
26,2018年第二期彭泽县城市建设投资有限公司公司债券发行文件
27,2018年第一期孟州市投资开发有限公司公司债券发行文件
28,2018年第十三期景德镇陶瓷文化旅游发展有限责任公司城市停车场建设专项债券申购和配售办法说明
28,2018年第二期永修县城市建设投资开发有限公司公司债券申购文件
30,2018年第一期厦门轨道交通集团有限公司公司债券申购公告
31,2018年杭州良渚文化城集团有限公司城市停车场建设专项债券申购文件